{
  "project_info": {
    "project_number": "565715528231",
    "project_id": "kkobak-426c1",
    "storage_bucket": "kkobak-426c1.appspot.com"
  },
  "client": [
    {
      "client_info": {
        "mobilesdk_app_id": "1:565715528231:android:69f7fdb426a7bac6c67c02",
        "android_client_info": {
          "package_name": "com.example.kkobak"
        }
      },
      "oauth_client": [
        {
          "client_id": "565715528231-ncg5hj6p4lgnprabpu3htoba4cha3amq.apps.googleusercontent.com",
          "client_type": 3
        }
      ],
      "api_key": [
        {
          "current_key": "AIzaSyAf-GWQxNTJ3f1ZQZKyYqfTBNvvPuS_61Q"
        }
      ],
      "services": {
        "appinvite_service": {
          "other_platform_oauth_client": [
            {
              "client_id": "565715528231-ncg5hj6p4lgnprabpu3htoba4cha3amq.apps.googleusercontent.com",
              "client_type": 3
            }
          ]
        }
      }
    }
  ],
  "configuration_version": "1"
}